frac,rmse_mean,rmse_std
0.1,2.28133172491751,0.03976818046395175
0.25,2.19058646615191,0.03776447373431349
0.5,2.139967555229193,0.021614551048007545
0.75,2.1193984026475965,0.022382043829846533
1.0,2.104154823702815,0.020825537037007527
